上榜日,股票,代码,买日,买价,卖日,卖价,盈亏%,净买万,换手%,20日涨,RSI,连板
2025-10-21,深振业A,000006,2025-10-22,13.75,2025-10-23,14.44,5.02,9271.0,7.1,77,73,1
2025-03-27,深振业A,000006,2025-03-28,7.58,2025-03-31,7.8,2.9,4992.0,7.9,11,72,1
2024-08-08,深物业A,000011,2024-08-09,8.1,2024-08-12,9.33,15.19,3134.0,5.4,13,72,1
2025-03-31,特力A,000025,2025-04-01,17.94,2025-04-02,17.88,-0.33,3879.0,7.4,12,68,1
2023-03-16,国药一致,000028,2023-03-17,30.44,2023-03-20,31.1,2.17,7300.0,3.3,28,84,1
2025-08-01,深桑达A,000032,2025-08-04,24.73,2025-08-05,25.56,3.36,19320.0,6.9,23,73,1
2024-01-29,深南电A,000037,2024-01-30,10.69,2024-01-31,12.35,15.53,5170.0,9.7,25,72,1
2025-11-26,中集集团,000039,2025-11-27,9.27,2025-11-28,8.99,-3.02,22816.0,8.5,14,72,1
2024-06-28,德赛电池,000049,2024-07-01,23.8,2024-07-02,23.24,-2.35,5997.0,3.9,11,69,1
2024-10-10,中成股份,000151,2024-10-11,12.92,2024-10-14,12.38,-4.18,3451.0,7.8,38,73,1
2024-03-28,吉林化纤,000420,2024-03-29,3.78,2024-04-01,3.85,1.85,3209.0,4.7,38,70,1
2023-02-20,徐工机械,000425,2023-02-21,6.42,2023-02-22,6.69,4.21,6059.0,7.3,18,73,1
2025-06-25,中兵红箭,000519,2025-06-26,20.01,2025-06-27,19.71,-1.5,20166.0,9.7,15,68,1
2025-09-26,万向钱潮,000559,2025-09-29,12.01,2025-09-30,13.15,9.49,28628.0,5.0,48,74,1
2025-04-02,万向钱潮,000559,2025-04-03,7.19,2025-04-07,6.91,-3.89,10947.0,5.1,13,59,1
2023-03-14,烽火电子,000561,2023-03-15,11.28,2023-03-16,10.84,-3.9,3360.0,7.3,6,74,1
2025-09-02,供销大集,000564,2025-09-03,2.62,2025-09-04,2.59,-1.15,25811.0,5.4,17,76,1
2024-09-20,供销大集,000564,2024-09-23,1.8,2024-09-24,1.78,-1.11,7339.0,3.3,10,70,1
2024-06-04,供销大集,000564,2024-06-05,2.13,2024-06-06,2.1,-1.41,8866.0,3.2,9,62,1
2023-11-10,海马汽车,000572,2023-11-13,5.1,2023-11-14,5.34,4.71,3940.0,9.0,12,78,1
2023-05-22,建投能源,000600,2023-05-23,6.92,2023-05-24,6.76,-2.31,3385.0,8.4,28,71,1
2024-04-12,盛达资源,000603,2024-04-15,15.14,2024-04-16,14.4,-4.89,7005.0,6.3,60,74,1
2025-08-19,中油资本,000617,2025-08-20,9.77,2025-08-21,10.71,9.62,26485.0,4.7,5,65,1
2025-04-22,中油资本,000617,2025-04-23,8.04,2025-04-24,7.61,-5.35,22527.0,3.1,23,67,1
2024-10-21,中油资本,000617,2024-10-22,8.99,2024-10-23,8.45,-6.01,16357.0,5.0,77,71,1
2024-11-11,长安汽车,000625,2024-11-12,15.28,2024-11-13,14.74,-3.53,48740.0,7.7,17,73,1
2025-08-06,铜陵有色,000630,2025-08-07,3.98,2025-08-08,3.92,-1.51,17930.0,7.7,21,78,1
2023-11-20,视觉中国,000681,2023-11-21,17.09,2023-11-22,16.44,-3.8,6452.0,9.6,31,78,1
2023-02-16,罗牛山,000735,2023-02-17,7.93,2023-02-20,7.72,-2.65,14726.0,9.5,24,83,1
2025-01-13,北方铜业,000737,2025-01-14,9.49,2025-01-15,9.58,0.95,19975.0,6.1,8,72,1
2024-08-12,新华制药,000756,2024-08-13,16.19,2024-08-14,16.15,-0.25,4241.0,8.2,17,74,1
2024-08-26,创维数字,000810,2024-08-27,12.12,2024-08-28,11.4,-5.94,14908.0,6.1,57,78,1
2023-09-20,德展健康,000813,2023-09-21,3.67,2023-09-22,3.56,-3.0,3455.0,8.5,24,74,1
2023-04-12,航锦科技,000818,2023-04-13,42.63,2023-04-14,42.46,-0.4,3969.0,6.0,32,82,1
2025-04-03,山东海化,000822,2025-04-07,6.08,2025-04-08,5.89,-3.13,4340.0,9.1,22,66,1
2024-06-13,天音控股,000829,2024-06-14,9.24,2024-06-17,9.1,-1.52,4073.0,8.4,20,77,1
2023-11-29,天音控股,000829,2023-11-30,12.14,2023-12-01,12.59,3.71,11727.0,8.9,25,55,1
2023-02-09,天音控股,000829,2023-02-10,11.39,2023-02-13,11.03,-3.16,5348.0,6.4,13,79,1
2023-09-04,鲁西化工,000830,2023-09-05,11.45,2023-09-06,11.29,-1.4,14206.0,5.8,15,72,1
2025-03-11,中国稀土,000831,2025-03-12,33.1,2025-03-13,32.4,-2.11,35305.0,9.8,11,73,1
2025-02-21,紫光股份,000938,2025-02-24,32.84,2025-02-25,31.92,-2.8,13145.0,8.4,29,69,1
2024-04-19,新乡化纤,000949,2024-04-22,5.06,2024-04-23,4.71,-6.92,4444.0,8.2,74,84,1
2023-05-09,重药控股,000950,2023-05-10,7.83,2023-05-11,7.41,-5.36,4376.0,7.5,42,81,1
2024-01-12,长源电力,000966,2024-01-15,4.92,2024-01-16,4.67,-5.08,7142.0,7.2,6,76,1
2023-07-11,众泰汽车,000980,2023-07-12,3.53,2023-07-13,3.38,-4.25,6293.0,9.8,40,71,1
2023-10-18,隆平高科,000998,2023-10-19,16.32,2023-10-20,15.92,-2.45,4183.0,7.7,12,74,1
2024-03-28,宗申动力,001696,2024-03-29,7.37,2024-04-01,7.86,6.65,4639.0,9.3,25,72,1
2024-03-25,豫能控股,001896,2024-03-26,5.41,2024-03-27,5.23,-3.33,7152.0,6.4,43,84,1
2023-09-05,豫能控股,001896,2023-09-06,4.95,2023-09-07,4.76,-3.84,4197.0,6.4,5,62,1
2024-08-08,云南旅游,002059,2024-08-09,5.69,2024-08-12,5.39,-5.27,3094.0,5.5,20,75,1
2023-06-29,苏州固锝,002079,2023-06-30,14.35,2023-07-03,14.4,0.35,3816.0,5.0,17,68,1
2023-07-18,康强电子,002119,2023-07-19,14.41,2023-07-20,14.37,-0.28,6330.0,9.7,11,79,1
2025-02-26,广电运通,002152,2025-02-27,15.54,2025-02-28,14.7,-5.41,18977.0,6.5,41,77,1
2025-12-11,金风科技,002202,2025-12-12,16.82,2025-12-15,17.1,1.66,23361.0,7.2,11,72,1
2024-11-18,*ST特迅,002227,2024-11-19,11.88,2024-11-20,13.6,14.48,4744.0,8.1,19,76,1
2023-09-26,大华股份,002236,2023-09-27,20.35,2023-09-28,20.38,0.15,19780.0,5.2,6,61,1
2025-06-19,盛新锂能,002240,2025-06-20,12.36,2025-06-23,12.22,-1.13,10512.0,8.5,6,63,1
2023-12-29,歌尔股份,002241,2024-01-02,20.5,2024-01-03,20.11,-1.9,36408.0,6.3,15,73,1
2023-10-09,歌尔股份,002241,2023-10-10,17.06,2023-10-11,16.62,-2.58,13905.0,6.3,12,65,1
2024-05-10,滨江集团,002244,2024-05-13,7.48,2024-05-14,7.63,2.01,7882.0,5.0,19,71,1
2024-05-27,北化股份,002246,2024-05-28,11.62,2024-05-29,11.49,-1.12,8823.0,8.2,47,69,1
2024-09-03,拓维信息,002261,2024-09-04,12.78,2024-09-05,12.45,-2.58,7436.0,9.8,19,69,1
2025-06-19,电科网安,002268,2025-06-20,17.63,2025-06-23,16.99,-3.63,15253.0,4.6,15,73,1
2025-06-24,光迅科技,002281,2025-06-25,48.05,2025-06-26,47.91,-0.29,29982.0,7.3,14,69,1
2025-02-21,光迅科技,002281,2025-02-24,57.02,2025-02-25,55.5,-2.67,19555.0,9.8,10,61,1
2025-03-03,永太科技,002326,2025-03-04,11.07,2025-03-05,11.51,3.97,5002.0,6.4,31,83,1
2024-03-27,皖通科技,002331,2024-03-28,7.92,2024-03-29,7.9,-0.25,3045.0,8.8,30,72,1
2023-05-24,英威腾,002334,2023-05-25,13.22,2023-05-26,12.7,-3.93,4030.0,9.2,13,72,1
2024-06-26,奥普光电,002338,2024-06-27,32.31,2024-06-28,32.31,0.0,4442.0,7.1,16,65,1
2023-08-08,精华制药,002349,2023-08-09,9.95,2023-08-10,10.0,0.5,6897.0,8.0,13,74,1
2023-10-18,大北农,002385,2023-10-19,7.39,2023-10-20,7.17,-2.98,15774.0,7.9,10,63,1
2023-01-13,省广集团,002400,2023-01-16,4.85,2023-01-17,4.72,-2.68,6623.0,6.6,10,73,1
2025-04-17,广联达,002410,2025-04-18,15.54,2025-04-21,15.03,-3.28,9654.0,4.3,5,65,1
2025-04-01,科伦药业,002422,2025-04-02,34.93,2025-04-03,35.89,2.75,14006.0,3.1,13,76,1
2023-12-04,云南锗业,002428,2023-12-05,13.86,2023-12-06,13.36,-3.61,9061.0,8.7,6,58,1
2023-08-30,九安医疗,002432,2023-08-31,36.47,2023-09-01,35.8,-1.84,23351.0,9.2,7,62,1
2025-07-10,晶澳科技,002459,2025-07-11,12.09,2025-07-14,11.62,-3.89,18229.0,6.5,19,81,1
2024-11-11,赣锋锂业,002460,2024-11-12,40.32,2024-11-13,43.02,6.7,38664.0,8.3,24,77,1
2023-08-21,*ST英飞,002528,2023-08-22,9.74,2023-08-23,9.73,-0.1,9148.0,9.0,20,71,1
2025-02-06,比亚迪,002594,2025-02-07,105.41,2025-02-10,107.68,2.15,40727.0,3.3,10,75,1
2025-08-18,领益智造,002600,2025-08-19,11.37,2025-08-20,12.63,11.08,26552.0,6.2,21,84,1
2024-08-29,领益智造,002600,2024-08-30,7.72,2024-09-02,8.55,10.75,17396.0,5.3,6,67,1
2023-06-09,世纪华通,002602,2023-06-12,7.54,2023-06-13,7.43,-1.46,6966.0,6.5,37,85,1
2024-08-12,以岭药业,002603,2024-08-13,16.99,2024-08-14,17.0,0.06,5994.0,3.5,14,76,1
2024-01-12,大连电瓷,002606,2024-01-15,8.58,2024-01-16,8.5,-0.93,3138.0,8.6,10,76,1
2025-08-20,光启技术,002625,2025-08-21,49.8,2025-08-22,48.49,-2.63,23720.0,4.1,27,71,1
2024-06-11,万润科技,002654,2024-06-12,12.4,2024-06-13,12.6,1.61,13556.0,8.4,25,72,1
2024-06-05,共达电声,002655,2024-06-06,11.58,2024-06-07,12.45,7.51,4726.0,8.9,11,71,1
2024-02-23,西部证券,002673,2024-02-26,6.75,2024-02-27,6.62,-1.93,13727.0,5.9,16,65,1
2025-09-15,天赐材料,002709,2025-09-16,30.6,2025-09-17,29.93,-2.19,29659.0,4.3,51,84,1
2024-04-09,天赐材料,002709,2024-04-10,24.6,2024-04-11,23.94,-2.68,3986.0,5.7,31,61,1
2024-03-14,湖南白银,002716,2024-03-15,3.1,2024-03-18,3.15,1.61,3823.0,8.8,43,77,1
2024-01-11,中矿资源,002738,2024-01-12,38.6,2024-01-15,37.55,-2.72,9120.0,6.6,13,70,1
2023-05-15,永兴材料,002756,2023-05-16,66.44,2023-05-17,64.5,-2.92,35425.0,8.0,17,56,1
2023-11-28,传艺科技,002866,2023-11-29,23.1,2023-11-30,22.36,-3.2,7121.0,9.4,15,60,1
2023-03-30,三利谱,002876,2023-03-31,46.76,2023-04-03,45.7,-2.27,5251.0,9.2,12,71,1
2024-06-11,东方嘉盛,002889,2024-06-12,12.99,2024-06-13,13.67,5.23,4191.0,7.0,14,65,1
2023-11-23,华阳集团,002906,2023-11-24,34.36,2023-11-27,34.57,0.61,4420.0,6.4,5,57,1
2025-10-13,亚世光电,002952,2025-10-14,21.49,2025-10-15,24.27,12.94,4459.0,6.9,5,60,1
2024-11-19,科大智能,300222,2024-11-20,11.52,2024-11-21,13.48,17.01,12506.0,9.9,28,65,1
2024-03-27,雅本化学,300261,2024-03-28,6.99,2024-03-29,7.19,2.86,12069.0,7.8,19,75,1
2024-03-26,联创股份,300343,2024-03-27,6.51,2024-03-28,6.3,-3.23,3113.0,9.7,15,73,1
2023-04-24,飞荣达,300602,2023-04-25,19.86,2023-04-26,20.92,5.34,3284.0,7.3,16,59,1
2024-05-29,欣锐科技,300745,2024-05-30,19.23,2024-05-31,19.8,2.96,4540.0,9.9,19,65,1
2024-11-18,中红医疗,300981,2024-11-19,13.05,2024-11-20,13.7,4.98,5660.0,8.4,24,69,1
2024-03-15,东风股份,600006,2024-03-18,7.76,2024-03-19,8.95,15.34,5628.0,9.3,36,76,1
2023-10-23,东风股份,600006,2023-10-24,6.43,2023-10-25,6.14,-4.51,9346.0,3.1,11,69,1
2023-03-07,东风股份,600006,2023-03-08,6.73,2023-03-09,6.47,-3.86,4395.0,4.5,12,80,1
2025-12-02,福建高速,600033,2025-12-03,4.2,2025-12-04,4.23,0.71,7228.0,6.0,12,66,1
2023-04-21,华润双鹤,600062,2023-04-24,19.56,2023-04-25,18.91,-3.32,30754.0,8.6,15,79,1
2025-11-10,冠城新材,600067,2025-11-11,4.67,2025-11-12,4.76,1.93,3609.0,8.1,48,74,1
2025-11-24,开创国际,600097,2025-11-25,14.04,2025-11-26,12.91,-8.05,3419.0,10.0,22,71,1
2023-02-22,中国卫星,600118,2023-02-23,28.12,2023-02-24,27.59,-1.88,4692.0,6.2,23,79,1
2023-06-28,郑州煤电,600121,2023-06-29,4.94,2023-06-30,4.79,-3.04,3701.0,3.4,9,74,1
2023-04-04,铁龙物流,600125,2023-04-06,5.87,2023-04-07,5.75,-2.04,4806.0,8.6,8,65,1
2025-10-09,东湖高新,600133,2025-10-10,10.09,2025-10-13,9.97,-1.19,6914.0,8.8,14,74,1
2025-11-28,航天机电,600151,2025-12-01,9.45,2025-12-02,9.57,1.27,6730.0,5.4,13,60,1
2025-08-28,华升股份,600156,2025-08-29,10.19,2025-09-01,9.69,-4.91,7325.0,5.9,42,73,1
2025-08-20,华升股份,600156,2025-08-21,9.0,2025-08-22,8.74,-2.89,4697.0,7.2,24,80,1
2025-03-26,华升股份,600156,2025-03-27,5.94,2025-03-28,5.77,-2.86,3406.0,4.7,8,63,1
2024-11-18,上海建工,600170,2024-11-19,2.76,2024-11-20,2.67,-3.26,10298.0,7.1,23,71,1
2025-09-24,黄河旋风,600172,2025-09-25,5.24,2025-09-26,5.15,-1.72,14596.0,9.9,11,69,1
2025-12-29,东安动力,600178,2025-12-30,13.16,2025-12-31,12.77,-2.96,9021.0,5.8,10,73,1
2025-08-19,全柴动力,600218,2025-08-20,10.85,2025-08-21,10.64,-1.94,4035.0,3.9,6,77,1
2025-10-29,南山铝业,600219,2025-10-30,4.3,2025-10-31,4.38,1.86,39935.0,5.6,21,75,1
2025-08-29,亨通股份,600226,2025-09-01,3.99,2025-09-02,3.83,-4.01,4806.0,6.1,32,79,1
2025-11-26,中恒集团,600252,2025-11-27,2.95,2025-11-28,2.85,-3.39,4670.0,4.1,6,60,1
2024-05-27,国电南自,600268,2024-05-28,6.2,2024-05-29,6.29,1.45,7043.0,8.4,7,67,1
2023-02-14,南钢股份,600282,2023-02-15,3.07,2023-02-16,3.07,0.0,3889.0,5.4,18,74,1
2023-12-05,大东方,600327,2023-12-06,5.85,2023-12-07,5.85,0.0,3139.0,7.5,24,68,1
2024-11-22,长春燃气,600333,2024-11-25,6.25,2024-11-26,7.49,19.84,5647.0,8.5,35,70,1
2025-01-15,红星发展,600367,2025-01-16,14.05,2025-01-17,14.43,2.7,6081.0,9.2,10,64,1
2024-12-24,五洲交通,600368,2024-12-25,5.43,2024-12-26,5.4,-0.55,4679.0,6.0,44,81,1
2024-05-17,金地集团,600383,2024-05-20,4.53,2024-05-21,4.66,2.87,4194.0,8.6,43,82,1
2025-07-11,抚顺特钢,600399,2025-07-14,5.71,2025-07-15,5.52,-3.33,24680.0,9.2,16,82,1
2025-09-18,红豆股份,600400,2025-09-19,3.23,2025-09-22,3.63,12.38,9935.0,5.9,18,76,1
2023-04-12,小商品城,600415,2023-04-13,6.35,2023-04-14,6.99,10.08,7043.0,6.0,37,80,1
2024-02-02,金证股份,600446,2024-02-05,12.23,2024-02-06,10.47,-14.39,5350.0,6.8,10,62,1
2025-12-29,杭萧钢构,600477,2025-12-30,2.83,2025-12-31,2.82,-0.35,7200.0,6.2,5,68,1
2025-07-02,双良节能,600481,2025-07-03,5.4,2025-07-04,5.45,0.93,7715.0,8.5,16,71,1
2024-10-21,ST龙元,600491,2024-10-22,3.64,2024-10-23,3.91,7.42,4703.0,8.8,46,75,1
2025-08-19,华丽家族,600503,2025-08-20,3.38,2025-08-21,3.6,6.51,5410.0,6.9,21,78,1
2025-07-24,海南机场,600515,2025-07-25,4.4,2025-07-28,4.15,-5.68,9545.0,3.2,19,75,1
2023-03-20,中天科技,600522,2023-03-21,16.3,2023-03-22,16.36,0.37,52506.0,8.4,9,58,1
2025-09-10,卓郎智能,600545,2025-09-11,3.05,2025-09-12,3.15,3.28,4697.0,4.3,18,64,1
2025-05-26,保变电气,600550,2025-05-27,9.59,2025-05-28,9.69,1.04,13078.0,7.4,22,67,1
2023-08-01,精达股份,600577,2023-08-02,4.94,2023-08-03,4.36,-11.74,3641.0,9.3,11,78,1
2023-02-22,云赛智联,600602,2023-02-23,10.81,2023-02-24,10.78,-0.28,13562.0,6.3,23,63,1
2024-04-15,广汇物流,600603,2024-04-16,8.07,2024-04-17,7.73,-4.21,4119.0,3.8,11,68,1
2023-08-22,浙数文化,600633,2023-08-23,15.39,2023-08-24,16.28,5.78,14608.0,6.6,9,64,1
2025-05-26,锦江在线,600650,2025-05-27,15.58,2025-05-28,16.0,2.7,6775.0,8.9,16,69,1
2025-07-25,飞乐音响,600651,2025-07-28,4.98,2025-07-29,4.89,-1.81,5591.0,4.0,14,80,1
2025-09-02,申华控股,600653,2025-09-03,2.19,2025-09-04,2.14,-2.28,3901.0,7.0,14,72,1
2025-08-01,天目药业,600671,2025-08-04,15.44,2025-08-05,15.49,0.32,3799.0,9.9,14,70,1
2025-01-07,东阳光,600673,2025-01-08,12.65,2025-01-09,12.75,0.79,5225.0,4.6,44,80,1
2025-05-08,上海凤凰,600679,2025-05-09,13.6,2025-05-12,13.36,-1.76,3336.0,9.4,25,72,1
2024-09-23,湖南天雁,600698,2024-09-24,4.71,2024-09-25,4.57,-2.97,3227.0,7.6,27,72,1
2023-04-12,天津港,600717,2023-04-13,4.12,2023-04-14,4.17,1.21,8405.0,5.1,6,61,1
2025-10-23,山西焦化,600740,2025-10-24,4.45,2025-10-27,4.27,-4.04,6353.0,6.8,12,76,1
2025-03-05,海航科技,600751,2025-03-06,2.76,2025-03-07,2.97,7.61,3402.0,3.6,8,63,1
2025-11-24,中国海防,600764,2025-11-25,33.15,2025-11-26,32.31,-2.53,4474.0,5.5,9,60,1
2025-06-20,西藏城投,600773,2025-06-23,9.89,2025-06-24,9.79,-1.01,5890.0,4.4,12,85,1
2025-04-17,保税科技,600794,2025-04-18,4.37,2025-04-21,4.83,10.53,3587.0,8.3,17,67,1
2025-08-05,马钢股份,600808,2025-08-06,3.8,2025-08-07,4.1,7.89,9457.0,3.3,9,66,1
2024-12-02,马钢股份,600808,2024-12-03,2.62,2024-12-04,2.62,0.0,8100.0,3.8,11,67,1
2024-04-11,厦工股份,600815,2024-04-12,2.86,2024-04-15,2.86,0.0,5455.0,3.8,15,75,1
2024-11-11,建元信托,600816,2024-11-12,4.16,2024-11-13,3.87,-6.97,8148.0,3.5,24,76,1
2025-12-25,益民集团,600824,2025-12-26,5.3,2025-12-29,4.95,-6.6,4778.0,5.7,13,64,1
2025-06-23,金煤科技,600844,2025-06-24,3.55,2025-06-25,3.55,0.0,3782.0,9.6,15,69,1
2025-04-01,金煤科技,600844,2025-04-02,3.1,2025-04-03,2.95,-4.84,6658.0,3.3,12,60,1
2023-12-11,同济科技,600846,2023-12-12,9.73,2023-12-13,10.05,3.29,3840.0,4.2,5,56,1
2023-09-07,电科数字,600850,2023-09-08,24.81,2023-09-11,25.05,0.97,14890.0,3.9,11,75,1
2025-05-29,远东股份,600869,2025-05-30,5.28,2025-06-03,4.99,-5.49,5986.0,4.2,13,65,1
2025-11-20,亚泰集团,600881,2025-11-21,2.16,2025-11-24,2.13,-1.39,8642.0,6.7,12,67,1
2025-08-18,亚泰集团,600881,2025-08-19,2.23,2025-08-20,2.23,0.0,3434.0,5.9,14,80,1
2024-10-28,重庆建工,600939,2024-10-29,4.31,2024-10-30,3.98,-7.66,3741.0,5.3,86,71,1
2025-09-05,中国电影,600977,2025-09-08,15.27,2025-09-09,17.21,12.7,7092.0,5.4,9,67,1
2025-02-20,贵绳股份,600992,2025-02-21,15.35,2025-02-24,15.36,0.07,3392.0,7.0,14,70,1
2025-07-17,柳钢股份,601003,2025-07-18,5.54,2025-07-21,6.15,11.01,14868.0,6.1,59,71,1
2025-07-15,柳钢股份,601003,2025-07-16,5.38,2025-07-17,4.92,-8.55,7708.0,7.0,56,75,1
2025-04-03,连云港,601008,2025-04-07,4.34,2025-04-08,4.84,11.52,3577.0,6.9,16,72,1
2023-12-25,华钰矿业,601020,2023-12-26,9.69,2023-12-27,9.85,1.65,3405.0,6.3,6,69,1
2025-06-18,福元医药,601089,2025-06-19,18.36,2025-06-20,17.31,-5.72,5405.0,7.0,18,79,1
2024-04-26,太平洋,601099,2024-04-29,3.36,2024-04-30,3.62,7.74,5035.0,8.1,6,62,1
2025-12-19,中国一重,601106,2025-12-22,4.0,2025-12-23,4.2,5.0,14561.0,3.1,26,67,1
2023-09-14,赛力斯,601127,2023-09-15,46.86,2023-09-18,47.36,1.07,30993.0,3.8,29,78,1
2025-11-19,英利汽车,601279,2025-11-20,5.75,2025-11-21,6.36,10.61,4735.0,3.1,18,74,1
2023-07-28,中原证券,601375,2023-07-31,4.45,2023-08-01,4.32,-2.92,3523.0,8.0,17,84,1
2023-03-08,上海电影,601595,2023-03-09,12.26,2023-03-10,12.34,0.65,3440.0,4.4,14,85,1
2025-10-09,中国核建,601611,2025-10-10,10.02,2025-10-13,10.9,8.78,4250.0,4.1,11,74,1
2025-09-02,京运通,601908,2025-09-03,4.26,2025-09-04,4.25,-0.23,7370.0,5.9,13,74,1
2025-09-08,招商南油,601975,2025-09-09,3.28,2025-09-10,3.26,-0.61,10151.0,9.2,16,82,1
2023-03-14,晶方科技,603005,2023-03-15,23.98,2023-03-16,24.99,4.21,7158.0,8.8,8,68,1
2025-09-02,鹿山新材,603051,2025-09-03,25.23,2025-09-04,28.17,11.65,3545.0,7.7,15,71,1
2025-12-02,恒银科技,603106,2025-12-03,13.34,2025-12-04,12.81,-3.97,9223.0,5.6,30,65,1
2023-06-29,润达医疗,603108,2023-06-30,17.78,2023-07-03,18.23,2.53,6059.0,8.9,52,69,1
2024-05-13,康尼机电,603111,2024-05-14,5.94,2024-05-15,5.85,-1.52,5275.0,9.1,15,66,1
2025-08-13,腾龙股份,603158,2025-08-14,10.0,2025-08-15,11.11,11.1,5886.0,7.7,12,78,1
2024-08-02,腾龙股份,603158,2024-08-05,7.61,2024-08-06,7.16,-5.91,3403.0,5.6,14,63,1
2023-04-17,华正新材,603186,2023-04-18,36.83,2023-04-19,36.18,-1.76,9458.0,9.5,16,59,1
2023-09-26,*ST网达,603189,2023-09-27,14.59,2023-09-28,14.0,-4.04,3192.0,3.9,9,60,1
2025-11-27,赛伍技术,603212,2025-11-28,13.29,2025-12-01,13.33,0.3,9967.0,8.3,15,61,1
2025-06-20,赛伍技术,603212,2025-06-23,11.66,2025-06-24,10.69,-8.32,9996.0,3.5,12,79,1
2024-07-09,宏和科技,603256,2024-07-10,7.87,2024-07-11,7.69,-2.29,4941.0,6.0,20,56,1
2024-07-09,宏和科技,603256,2024-07-10,7.87,2024-07-11,7.69,-2.29,4941.0,6.0,20,56,1
2023-02-21,美湖股份,603319,2023-02-22,12.44,2023-02-23,12.26,-1.45,3219.0,7.7,16,72,1
2025-08-18,四方科技,603339,2025-08-19,15.2,2025-08-20,15.63,2.83,5152.0,6.1,15,76,1
2025-08-26,傲农生物,603363,2025-08-27,4.36,2025-08-28,4.8,10.09,4386.0,4.9,8,80,1
2025-08-27,翔港科技,603499,2025-08-28,14.2,2025-08-29,13.74,-3.24,4361.0,4.3,27,67,1
2023-10-13,捷昌驱动,603583,2023-10-16,19.42,2023-10-17,19.4,-0.1,5079.0,5.4,11,70,1
2025-03-12,杭电股份,603618,2025-03-13,8.76,2025-03-14,8.5,-2.97,8811.0,8.1,32,71,1
2025-08-07,畅联股份,603648,2025-08-08,12.08,2025-08-11,11.85,-1.9,3994.0,8.5,12,69,1
2025-07-31,大元泵业,603757,2025-08-01,26.74,2025-08-04,25.6,-4.26,6268.0,6.1,16,83,1
2025-10-27,新日股份,603787,2025-10-28,13.82,2025-10-29,13.73,-0.65,3780.0,4.9,15,80,1
2025-07-29,福斯特,603806,2025-07-30,14.79,2025-07-31,14.57,-1.49,13971.0,4.6,13,57,1
2023-10-20,白云电器,603861,2023-10-23,10.11,2023-10-24,11.46,13.35,8384.0,4.9,19,66,1
2023-03-23,兆易创新,603986,2023-03-24,117.81,2023-03-27,116.76,-0.89,43264.0,5.9,7,71,1
2023-06-29,中电电机,603988,2023-06-30,11.67,2023-07-03,11.47,-1.71,3029.0,5.1,19,77,1
2024-06-06,九丰能源,605090,2024-06-07,28.04,2024-06-11,28.75,2.53,3165.0,8.5,6,72,1
2023-01-05,三人行,605168,2023-01-06,43.59,2023-01-09,44.85,2.89,3451.0,7.5,24,72,1
2025-05-29,宏柏新材,605366,2025-05-30,6.5,2025-06-03,6.19,-4.77,7311.0,7.3,18,68,1
2025-03-04,安路科技,688107,2025-03-05,36.6,2025-03-06,37.2,1.64,3370.0,3.1,37,63,1
2024-11-19,埃夫特,688165,2024-11-20,12.9,2024-11-21,14.68,13.8,4005.0,7.9,33,69,1
2024-09-24,德科立,688205,2024-09-25,26.59,2024-09-26,25.62,-3.65,3505.0,9.0,15,59,1
2025-12-25,复旦微电,688385,2025-12-26,75.2,2025-12-29,77.37,2.89,9771.0,5.8,32,81,1
2025-07-29,*ST禾信,688622,2025-07-30,96.73,2025-07-31,98.16,1.48,3353.0,4.1,16,79,1
2025-11-26,明微电子,688699,2025-11-27,50.18,2025-11-28,50.06,-0.24,3057.0,6.9,22,67,1
