上榜日,股票,代码,买日,买价,卖日,卖价,盈亏%,3日涨%,10日涨%,净买万,换手%,20日涨%,RSI
2018-05-14,双鹭药业,002038,2018-05-15,28.88,2018-05-16,29.25,1.28,-3.4,-1.38,16305.0,3.5,17.9,72.2
2019-01-29,TCL中环,002129,2019-01-30,6.31,2019-01-31,6.46,2.43,8.13,23.79,7256.0,3.9,12.7,69.9
2019-01-30,航天发展,000547,2019-01-31,9.72,2019-02-01,9.49,-2.33,-0.61,1.42,5449.0,3.7,30.1,67.9
2019-04-30,正邦科技,002157,2019-05-06,19.85,2019-05-07,19.44,-2.04,-17.11,-17.63,13444.0,4.4,24.6,65.2
2019-07-05,金达威,002626,2019-07-08,12.01,2019-07-09,12.14,1.09,2.46,0.72,5385.0,3.4,19.4,84.0
2019-09-23,北方华创,002371,2019-09-24,58.65,2019-09-25,59.99,2.28,-13.54,-19.01,11886.0,4.7,25.9,70.0
2019-09-27,广电运通,002152,2019-09-30,7.44,2019-10-08,7.61,2.26,8.45,-1.19,8547.0,3.4,17.9,63.6
2019-11-01,潍柴动力,000338,2019-11-04,10.57,2019-11-05,10.72,1.42,0.76,2.37,36490.0,3.8,13.5,60.5
2019-11-13,北方华创,002371,2019-11-14,58.57,2019-11-15,57.88,-1.18,-2.94,-3.38,13684.0,3.9,19.9,76.4
2019-12-25,太极实业,600667,2019-12-26,7.89,2019-12-27,7.93,0.58,-5.7,-2.44,6505.0,4.3,23.3,68.1
2020-02-26,北方华创,002371,2020-02-27,117.59,2020-02-28,110.24,-6.25,-11.57,-21.25,5353.0,3.5,33.9,63.1
2020-05-06,海航科技,600751,2020-05-07,3.28,2020-05-08,3.18,-3.05,-5.18,-5.18,5014.0,3.8,14.5,59.4
2020-05-11,徐工机械,000425,2020-05-12,5.58,2020-05-13,5.55,-0.62,-2.64,-5.28,33486.0,4.1,12.1,71.9
2020-06-18,建设机械,600984,2020-06-19,16.2,2020-06-22,16.12,-0.49,4.57,0.74,5555.0,3.7,22.3,67.2
2020-07-01,泸州老窖,000568,2020-07-02,86.33,2020-07-03,92.74,7.42,13.18,13.41,48454.0,3.0,12.3,58.7
2020-07-03,乐普医疗,300003,2020-07-06,37.54,2020-07-07,37.74,0.53,7.06,5.41,44338.0,4.5,17.5,80.5
2020-09-08,友阿股份,002277,2020-09-09,5.31,2020-09-10,4.72,-11.21,-13.46,-9.72,6699.0,3.8,15.1,73.5
2020-10-29,金风科技,002202,2020-10-30,11.21,2020-11-02,10.91,-2.73,-1.82,-2.73,52131.0,4.9,18.5,61.5
2020-11-05,天赐材料,002709,2020-11-06,20.19,2020-11-09,20.47,1.39,1.39,3.17,11696.0,3.3,32.5,62.2
2021-10-11,三七互娱,002555,2021-10-12,18.83,2021-10-13,18.09,-3.93,-5.58,-3.93,9706.0,3.7,21.2,63.7
2021-10-21,国际医学,000516,2021-10-22,12.23,2021-10-25,12.28,0.41,-5.97,-2.78,19503.0,4.9,21.6,55.3
2021-11-04,东山精密,002384,2021-11-05,23.98,2021-11-08,23.75,-0.96,5.25,2.79,16297.0,4.6,13.0,73.0
2021-12-08,和而泰,002402,2021-12-09,26.92,2021-12-10,26.29,-2.34,-2.3,-1.04,6542.0,5.0,17.6,65.1
2022-01-04,钒钛股份,000629,2022-01-05,4.3,2022-01-06,4.26,-0.93,2.33,-8.6,17903.0,4.9,12.3,62.5
2022-07-04,新希望,000876,2022-07-05,17.08,2022-07-06,16.81,-1.58,1.87,-1.23,19712.0,3.1,22.0,69.2
2022-07-13,石英股份,603688,2022-07-14,79.84,2022-07-15,84.0,5.21,-2.76,2.64,6339.0,3.8,29.2,58.2
2022-08-30,长飞光纤,601869,2022-08-31,41.49,2022-09-01,38.51,-7.18,7.3,-5.83,10484.0,3.3,24.8,69.1
2022-09-20,钧达股份,002865,2022-09-21,135.72,2022-09-22,130.29,-4.0,4.57,5.95,7192.0,4.6,15.8,57.6
2022-11-03,沪电股份,002463,2022-11-04,12.22,2022-11-07,12.47,2.05,-1.88,4.5,9931.0,4.7,20.9,74.5
2022-11-04,钒钛股份,000629,2022-11-07,5.45,2022-11-08,5.43,-0.37,-3.67,0.55,23404.0,4.8,14.7,55.3
2022-11-11,东方雨虹,002271,2022-11-14,24.64,2022-11-15,25.66,4.14,-1.46,2.48,14290.0,4.6,16.4,73.8
2022-12-22,中公教育,002607,2022-12-23,5.7,2022-12-26,5.6,-1.75,-16.49,-14.04,8356.0,3.7,12.0,68.1
2023-02-10,新华医疗,600587,2023-02-13,21.08,2023-02-14,21.54,2.18,-0.05,-1.19,14518.0,4.2,24.5,70.1
2023-02-22,太极股份,002368,2023-02-23,41.25,2023-02-24,38.06,-7.73,1.92,3.64,6440.0,4.4,17.9,56.6
2023-03-09,紫光股份,000938,2023-03-10,26.87,2023-03-13,26.63,-0.89,-1.45,16.38,17601.0,3.0,15.0,69.8
2023-03-13,千方科技,002373,2023-03-14,11.94,2023-03-15,11.97,0.25,2.18,13.23,7340.0,3.4,13.4,58.3
2023-03-28,中油资本,000617,2023-03-29,6.56,2023-03-30,6.03,-8.08,3.35,10.21,15858.0,4.0,18.5,59.4
2023-04-03,紫光股份,000938,2023-04-04,32.13,2023-04-06,33.71,4.92,-4.01,-1.71,22746.0,4.1,23.9,69.9
2023-04-14,北方华创,002371,2023-04-17,240.67,2023-04-18,240.09,-0.24,7.65,-1.43,23049.0,3.1,17.8,68.6
2023-04-20,同方股份,600100,2023-04-21,9.53,2023-04-24,8.52,-10.6,-12.49,1.57,27530.0,4.4,42.9,66.5
2023-04-27,昊海生科,688366,2023-04-28,78.03,2023-05-04,73.65,-5.61,-18.61,-21.56,5619.0,3.8,22.7,60.3
2023-10-20,白云电器,603861,2023-10-23,10.11,2023-10-24,11.46,13.35,-0.49,-1.98,8384.0,4.9,18.5,65.9
2024-03-11,恩捷股份,002812,2024-03-12,46.33,2024-03-13,46.17,-0.35,-4.81,-10.17,7075.0,3.6,15.8,65.5
2024-04-11,厦工股份,600815,2024-04-12,2.86,2024-04-15,2.86,0.0,-16.08,-22.38,5455.0,3.8,14.8,75.0
2024-05-17,国轩高科,002074,2024-05-20,21.25,2024-05-21,20.79,-2.16,-1.22,-4.94,8618.0,4.0,12.4,73.6
2024-05-27,宝武镁业,002182,2024-05-28,13.85,2024-05-29,13.64,-1.52,1.37,-5.2,7089.0,4.5,12.1,56.6
2024-06-17,领益智造,002600,2024-06-18,5.58,2024-06-19,5.58,0.0,1.61,18.46,11046.0,4.7,16.2,75.9
2024-07-11,风华高科,000636,2024-07-12,14.44,2024-07-15,14.21,-1.59,2.77,-2.42,8742.0,3.5,13.1,68.7
2024-08-12,以岭药业,002603,2024-08-13,16.99,2024-08-14,17.0,0.06,-4.36,-15.42,5994.0,3.5,14.2,75.7
2024-12-24,福华尚纬,603333,2024-12-25,5.59,2024-12-26,5.27,-5.72,-2.15,-19.5,5427.0,3.4,17.4,64.8
2025-02-06,内蒙一机,600967,2025-02-07,9.98,2025-02-10,10.13,1.5,0.6,6.01,7212.0,3.9,14.6,79.4
2025-03-12,横店东磁,002056,2025-03-13,13.9,2025-03-14,14.34,3.17,8.2,4.03,12777.0,4.9,15.8,81.1
2025-04-01,科伦药业,002422,2025-04-02,34.93,2025-04-03,35.89,2.75,-4.75,-5.07,14006.0,3.1,12.8,76.1
2025-05-12,新大陆,000997,2025-05-13,31.29,2025-05-14,29.99,-4.15,-6.39,-4.99,5367.0,4.9,13.9,68.4
2025-05-29,远东股份,600869,2025-05-30,5.28,2025-06-03,4.99,-5.49,-4.92,-7.58,5986.0,4.2,13.2,64.8
2025-06-19,电科网安,002268,2025-06-20,17.63,2025-06-23,16.99,-3.63,3.18,-0.68,15253.0,4.6,14.6,73.1
2025-06-20,赛伍技术,603212,2025-06-23,11.66,2025-06-24,10.69,-8.32,2.92,8.15,9996.0,3.5,12.5,79.0
2025-06-20,西藏城投,600773,2025-06-23,9.89,2025-06-24,9.79,-1.01,0.71,1.62,5890.0,4.4,12.0,84.9
2025-07-24,海南机场,600515,2025-07-25,4.4,2025-07-28,4.15,-5.68,-7.5,-12.05,9545.0,3.2,19.0,75.4
2025-07-25,飞乐音响,600651,2025-07-28,4.98,2025-07-29,4.89,-1.81,14.46,35.34,5591.0,4.0,13.7,80.0
2025-07-29,福斯特,603806,2025-07-30,14.79,2025-07-31,14.57,-1.49,-3.65,-6.02,13971.0,4.6,13.1,57.1
2025-08-28,张江高科,600895,2025-08-29,40.48,2025-09-01,38.11,-5.85,-7.26,-10.42,42385.0,4.1,20.6,66.8
2025-09-08,三花智控,002050,2025-09-09,34.08,2025-09-10,33.49,-1.73,1.0,31.84,11481.0,3.0,25.0,65.0
2025-09-24,恩捷股份,002812,2025-09-25,46.6,2025-09-26,44.66,-4.16,0.21,-11.27,25173.0,4.8,43.3,73.5
2025-10-29,晶澳科技,002459,2025-10-30,14.42,2025-10-31,14.45,0.21,-3.19,-0.9,15622.0,3.6,15.9,56.8
2025-11-24,中源协和,600645,2025-11-25,28.51,2025-11-26,28.87,1.26,-0.35,-5.02,5936.0,3.6,17.7,63.9
2025-12-19,中国一重,601106,2025-12-22,4.0,2025-12-23,4.2,5.0,3.5,11.75,14561.0,3.1,26.0,67.1
2025-12-22,白银有色,601212,2025-12-23,5.96,2025-12-24,5.93,-0.5,-1.51,-2.35,24535.0,4.1,23.6,64.1
2026-01-05,盐湖股份,000792,2026-01-06,32.0,2026-01-07,32.35,1.09,-2.25,6.47,13275.0,3.1,22.4,77.0
2026-01-12,金隅集团,601992,2026-01-13,2.1,2026-01-14,2.34,11.43,-9.52,-3.81,9414.0,3.1,18.3,77.6
2026-01-22,中国一重,601106,2026-01-23,5.78,2026-01-26,6.0,3.81,-6.23,-12.28,19131.0,3.1,33.9,65.3
2026-02-02,卫星化学,002648,2026-02-03,22.02,2026-02-04,22.24,1.0,1.09,4.13,25221.0,4.1,23.5,68.1
2026-02-12,金开新能,600821,2026-02-13,6.52,2026-02-24,6.46,-0.92,3.07,45.09,30540.0,3.7,20.6,71.9
2026-02-24,三友化工,600409,2026-02-25,8.5,2026-02-26,8.8,3.53,2.71,7.88,8926.0,4.0,18.5,62.9
2026-03-10,石化油服,600871,2026-03-11,3.43,2026-03-12,3.55,3.5,-2.33,-13.99,6893.0,3.9,12.4,57.5
2026-03-17,酒钢宏兴,600307,2026-03-18,2.27,2026-03-19,2.4,5.73,-8.81,-12.78,21852.0,3.2,17.6,62.3
2026-04-01,爱建集团,600643,2026-04-02,5.2,2026-04-03,5.34,2.69,1.54,-3.08,7521.0,4.2,12.4,58.7
2026-04-21,苏州高新,600736,2026-04-22,7.32,2026-04-23,8.37,14.34,4.51,35.38,6465.0,4.3,19.1,71.4
2026-05-07,肇民科技,301000,2026-05-08,33.34,2026-05-11,34.72,4.14,9.81,7.74,6424.0,4.5,18.6,63.1
